Manufacturer,Type,Min.Price,Price
Audi,Midsize,30.8,37.7
Acura,Midsize,29.2,33.9
Audi,Compact,25.9,29.1
Buick,Large,19.9,20.8
BMW,Midsize,23.7,30
Buick,Midsize,14.2,15.7
Chevrolet,Compact,8.5,13.4
Acura,Small,12.9,15.9
Buick,Midsize,26.3,26.3
Cadillac,Large,33,34.7
Cadillac,Midsize,37.5,40.1
Chevrolet,Sporty,13.4,15.1
Chevrolet,Compact,11.4,11.4
Buick,Large,22.6,23.7
Chevrolet,Midsize,13.4,15.9
Chevrolet,Van,14.7,16.3
Chevrolet,Van,14.7,16.6
Chevrolet,Large,18,18.8
Chevrolet,Sporty,34.6,38
