<?xml version="1.0" encoding="UTF-8" standalone="no"?>
<txbean class="com.cathay.rg.m0.trx.RGM0_9401" name="RGM0_9401">
	<action-list>
		<action call-method="doPrompt" name="prompt">
			<response-list>
				<response name="success" type="standard">
					<property name="url">/RG/M0/RGM0_9400/RGM09401.jsp</property>
				</response>
			</response-list>
		</action>
		<action call-method="doQuery" name="query">
			<response-list>
				<response name="success" type="standard">
					<property name="url">/RG/M0/RGM0_9400/RGM09401.jsp</property>
				</response>
			</response-list>
		</action>
		<action call-method="doConfirm" name="confirm">
			<response-list>
				<response name="success" type="standard">
					<property name="url">/RG/M0/RGM0_9400/RGM09401.jsp</property>
				</response>
			</response-list>
		</action>	
		<action call-method="doDelete" name="delete">
			<response-list>
				<response name="success" type="standard">
					<property name="url">/RG/M0/RGM0_9400/RGM09401.jsp</property>
				</response>
			</response-list>
		</action>	
		<action call-method="doBack" name="back">
			<response-list>
				<response name="success" type="standard">
					<property name="url">/RG/M0/RGM0_9400/RGM09401.jsp</property>
				</response>
			</response-list>
		</action>
	</action-list>
</txbean>
