<?xml version="1.0" encoding="UTF-8" standalone="no"?>
<txbean class="com.cathay.rg.m0.trx.RGM0_9400" name="RGM0_9400">
	<action-list>
		<action call-method="doPrompt" name="prompt">
			<response-list>
				<response name="success" type="standard">
					<property name="url">/RG/M0/RGM0_9400/RGM09400.jsp</property>
				</response>
			</response-list>
		</action>
		<action call-method="doQuery" name="query">
			<response-list>
				<response name="success" type="standard">
					<property name="url">/RG/M0/RGM0_9400/RGM09400.jsp</property>
				</response>
			</response-list>
		</action>
		<action call-method="doInsert" name="insert">
			<response-list>
				<response name="success" type="standard">
					<property name="url">/RG/M0/RGM0_9400/RGM09400.jsp</property>
				</response>
			</response-list>
		</action>
				<action call-method="doDelete" name="delete">
			<response-list>
				<response name="success" type="standard">
					<property name="url">/RG/M0/RGM0_9400/RGM09400.jsp</property>
				</response>
			</response-list>
		</action>
				<action call-method="doSubmit" name="submit">
			<response-list>
				<response name="success" type="standard">
					<property name="url">/RG/M0/RGM0_9400/RGM09400.jsp</property>
				</response>
			</response-list>
		</action>
				<action call-method="doAgree" name="agree">
			<response-list>
				<response name="success" type="standard">
					<property name="url">/RG/M0/RGM0_9400/RGM09400.jsp</property>
				</response>
			</response-list>
		</action>
				<action call-method="doBack" name="back">
			<response-list>
				<response name="success" type="standard">
					<property name="url">/RG/M0/RGM0_9400/RGM09400.jsp</property>
				</response>
			</response-list>
		</action>
				<action call-method="doClear" name="clear">
			<response-list>
				<response name="success" type="standard">
					<property name="url">/RG/M0/RGM0_9400/RGM09400.jsp</property>
				</response>
			</response-list>
		</action>
		<action call-method="doSubSys" name="subSys">
			<response-list>
				<response name="success" type="standard">
					<property name="url">/RG/M0/RGM0_9400/RGM09400.jsp</property>
				</response>
			</response-list>
		</action>		
	</action-list>
</txbean>
